min,mean,max,param
1.656e-5,1.8347933e-5,5.9628e-5,10000
0.000164341,0.0001826257432,0.000262198,100000
0.001719106,0.0017966183668702838,0.002020053,1000000
0.017586456,0.017885154585714283,0.020888313,10000000
0.177502574,0.1807988350357143,0.182166514,100000000
