min,mean,max,param
2.0378e-5,2.18436455e-5,4.5947e-5,10000
0.000183111,0.000198884808,0.000256474,100000
0.001855881,0.0019277285003855048,0.002049043,1000000
0.018624329,0.018912188286792454,0.020091092,10000000
0.187421285,0.193544007,0.211486991,100000000
