min,mean,max,param
1.8577e-5,2.10016583e-5,4.6456e-5,10000
0.000184464,0.0002122555612,0.000304495,100000
0.002042735,0.002167314515821413,0.003916943,1000000
0.020531734,0.022918632456621006,0.032420148,10000000
0.188286771,0.19651585492307694,0.208621377,100000000
