min,mean,max,param
1.5202999999999999e-6,1.7477824200000002e-6,4.675399999999999e-6,10000
1.5085e-5,1.74513171e-5,4.5897e-5,100000
0.000150826,0.0001743887285,0.00023215,1000000
0.00155756,0.0017453983190226876,0.00180428,10000000
0.016859879,0.01748416996153846,0.023473921,100000000
