min,mean,max,param
1.6928e-5,1.8764022600000002e-5,5.2272e-5,10000
0.00016794,0.0001871244546,0.000402341,100000
0.001760162,0.0018461848991875923,0.002450139,1000000
0.017648325,0.018085405422382673,0.019188864,10000000
0.181094563,0.18505719017857145,0.189136167,100000000
