min,mean,max,param
1.7551e-5,1.94670472e-5,4.4103e-5,10000
0.000192082,0.0002040085569,0.000393162,100000
0.001872249,0.001956317275039124,0.004109567,1000000
0.018751883,0.01915904455938697,0.021285903,10000000
0.211641106,0.22516901126086955,0.247707497,100000000
