min,mean,max,param
1.7314e-5,1.9276073400000003e-5,4.8521e-5,10000
0.000171917,0.0001912959561,0.000253733,100000
0.001812974,0.001885608315233786,0.002331718,1000000
0.018278985,0.018570271933333334,0.019807396,10000000
0.184648147,0.1861142574814815,0.189456961,100000000
