min,mean,max,param
4.21e-5,6.65209307e-5,0.003175126,100
0.000162593,0.0002378172761,0.002843848,200
0.000464132,0.0007996603334933589,0.022077945,300
0.001098012,0.001476743657311669,0.007210201,400
0.001860007,0.0029180891471103326,0.029508274,500
0.002823008,0.004094023294840295,0.017525687,600
0.004614545,0.006936354796116505,0.058557769,700
0.006373441,0.010020639603206413,0.043917356,800
0.008967258,0.013260496557029178,0.043688874,900
0.011892244,0.017060944010204082,0.026235813,1000
