command,mean,stddev,median,user,system,min,max
./nativedb_test/target/release/nativedb_test write,2.08974612008,0.03471080736383549,2.07410554338,1.0380773600000002,0.82937042,2.05318434538,2.1504343433799997
./jammdb_test/target/release/jammdb_test write,1.79991294958,0.03872436765131128,1.78621083138,0.7409983600000001,0.8270656200000002,1.75823802138,1.86652921538
./jammdb_postcard/target/release/jammdb_postcard write,1.56379405828,0.027076844240596788,1.5501430423799998,0.68356336,0.67349372,1.54398803538,1.63004916138
./jammdb_bincode/target/release/jammdb_bincode write,1.51828425828,0.021541175024309786,1.5106679078799998,0.6462019599999999,0.6661313200000001,1.50006120238,1.5757203683799998
