command,mean,stddev,median,user,system,min,max
./nativedb_test/target/release/nativedb_test update,0.01680466639243903,0.0008615842667091287,0.01669257574,0.0031956339024390265,0.0046443731707317085,0.015790341739999998,0.025243841740000002
./jammdb_hash/target/release/jammdb_hash update,0.013423506298375642,0.000511070615787277,0.013414895740000002,0.002331247715736041,0.004306567512690356,0.012631776740000001,0.01849648874
./files_hash/target/release/files_hash update,0.07192529242292683,0.0010778338838438987,0.07170834874000001,0.05950905414634146,0.011619887804878045,0.07065246574,0.07655692974000002
python numpy_test/test.py update,0.0974211165066667,0.0013128949330946616,0.09718257624000001,0.07617145333333332,0.02047273333333333,0.09548428174000001,0.10112280374000002
