command,mean,stddev,median,user,system,min,max
./nativedb_test/target/release/nativedb_test read,0.009354275201872661,0.0003497128304775282,0.009309348700000001,0.0010856470411985013,0.0018261307116104876,0.0088318677,0.013202318700000002
./jammdb_test/target/release/jammdb_test read,0.0406940694,0.0010400789367856652,0.0406777272,0.01134949714285714,0.029112314285714293,0.0382878897,0.0438774797
./jammdb_postcard/target/release/jammdb_postcard read,0.050579522083333335,0.0012690060059115944,0.0508571182,0.00793872466666667,0.04250191666666667,0.047590999700000004,0.0527618027
./jammdb_bincode/target/release/jammdb_bincode read,0.04768391723225808,0.0012057990397195057,0.0478075637,0.009185861290322579,0.03834047419354839,0.0452475607,0.0520767897
