command,mean,stddev,median,user,system,min,max
./nativedb_test/target/release/nativedb_test read,0.009401282182379182,0.0006933196657588018,0.009299556740000001,0.0011940327137546464,0.0016635263940520438,0.008769755740000001,0.01611421674
./jammdb_test/target/release/jammdb_test read,0.03564608431142859,0.001825704829097024,0.03546125574,0.011144605714285714,0.02431512857142857,0.031241861739999998,0.04089530174000001
./files/target/release/files read,14.03340037384,0.6084567697069195,14.19250875774,13.1002231,0.8880576999999998,13.19141879474,14.75177869774
python numpy_test/test.py read,3.1017597221399997,0.15901639981141533,3.1529277057400003,2.8147851,0.2736434,2.88762518574,3.2764832317400003
