command,mean,stddev,median,user,system,min,max
./nativedb_test/target/release/nativedb_test update,0.011476862557586206,0.0004632184462562033,0.011429142980000001,0.0013942767241379307,0.0017117162931034485,0.01074706498,0.01588173598
./jammdb_test/target/release/jammdb_test update,0.04718146668967743,0.001322948241919878,0.04741478648,0.009584643870967743,0.030895259354838694,0.04420496898,0.05207143298
./jammdb_postcard/target/release/jammdb_postcard update,0.057273999450588246,0.0012282949201345638,0.05782282598,0.009442215686274508,0.041052810588235296,0.05448933098,0.058989921980000005
./jammdb_bincode/target/release/jammdb_bincode update,0.05390206097999998,0.0014202739096331794,0.05411640848,0.008015674814814815,0.039086117777777755,0.051130149980000004,0.05974558598
