command,mean,stddev,median,user,system,min,max
./nativedb_test/target/release/nativedb_test update,0.011573178579742485,0.001515592335484654,0.011338118760000002,0.0013338782832618022,0.001587769613733906,0.010654247760000003,0.02913759176
./jammdb_test/target/release/jammdb_test update,0.04142244625333334,0.001948063256299566,0.041681854760000005,0.010663440000000003,0.024072026666666677,0.03797361076,0.049006453760000006
./files/target/release/files update,13.77816457136,0.37477485907663294,13.71669722176,12.857071579999996,0.87882524,13.31567758476,14.429650477760001
python numpy_test/test.py update,3.11525767216,0.17544420301646516,3.19116881476,2.830355279999999,0.27165303999999996,2.84386361976,3.3043899297599997
