command,mean,stddev,median,user,system,min,max
./nativedb_test/target/release/nativedb_test read,0.010297273062723739,0.0005124484365270802,0.01023944216,0.0013663105058365752,0.0024492108949416324,0.00972339616,0.015179788159999999
./jammdb_test/target/release/jammdb_test read,0.007239202913846157,0.0002872082273303602,0.007223442159999999,0.002447583076923075,0.005002973169230769,0.006744841159999999,0.008842434159999999
./files/target/release/files read,0.5990337838600001,0.02318039652951167,0.59817355466,0.5860061,0.01180656,0.5749172691600001,0.62699926516
python numpy_test/test.py read,0.08654735786588236,0.0010218457648816569,0.08650087966,0.0725178,0.013516477647058826,0.08463414716,0.08955447116000001
