command,mean,stddev,median,user,system,min,max
./nativedb_test/target/release/nativedb_test read,0.010357442771181108,0.0005090966754907352,0.010297600720000001,0.0014111551181102363,0.0023814502362204714,0.009769213220000001,0.015552037220000002
./jammdb_hash/target/release/jammdb_hash read,0.0017157096590243906,0.00019306319187168422,0.0016634677200000002,0.0012486862971175178,0.001033065543237251,0.00135566922,0.0028940682200000005
./files_hash/target/release/files_hash read,0.02865089450282829,0.0005285025384540438,0.028700958220000003,0.022314001212121203,0.00607895717171717,0.027437811220000004,0.03078652122
python numpy_test/test.py read,0.0868171781317647,0.001453532421001259,0.08664252321999999,0.07336323294117648,0.01291922470588235,0.08441629922,0.09046330522
