command,mean,stddev,median,user,system,min,max
./nativedb_test/target/release/nativedb_test update,0.011439039612566376,0.0004003795699038174,0.01141509444,0.0013524699115044251,0.00176729407079646,0.01072673444,0.015116229440000004
./jammdb_test/target/release/jammdb_test update,0.054186822569629624,0.0012527061170524423,0.054489648939999996,0.010459137037037037,0.037002331851851845,0.05167515644,0.05729212244
./rkyv_test/target/release/rkyv_test update,1.48379086464,0.14514329391063277,1.43941108844,0.18080439999999998,1.0082323800000002,1.34916669644,1.78777599644
