command,mean,stddev,median,user,system,min,max
./nativedb_test/target/release/nativedb_test read,0.009661512579699248,0.0013906584659230527,0.009380556200000001,0.0012681258646616538,0.001578489022556391,0.0087959082,0.0236299312
./jammdb_test/target/release/jammdb_test read,0.04778660673225807,0.001052950936559829,0.0478655777,0.011300065161290323,0.03625006064516129,0.0451087362,0.0499132342
./rkyv_test/target/release/rkyv_test read,0.48332282409999994,0.014231598008552554,0.48068391220000006,0.06868603999999999,0.41342608,0.47008112620000003,0.5195971032000001
