command,mean,stddev,median,user,system,min,max
./nativedb_test/target/release/nativedb_test update,0.011378683035807859,0.00034244030102411715,0.0113783448,0.0015101390393013098,0.0014767515283842794,0.0106224768,0.0148856208
./jammdb_test/target/release/jammdb_test update,0.060494275404166666,0.0010902732517020922,0.060678584300000005,0.011491455000000003,0.04233840750000001,0.058249477800000005,0.06278237980000001
./jammdb_postcard/target/release/jammdb_postcard update,0.058270432759999984,0.0013756525661801971,0.05830302280000001,0.00871374,0.04296614000000001,0.0553826558,0.0623329328
