command,mean,stddev,median,user,system,min,max
./nativedb_test/target/release/nativedb_test write,2.08388985098,0.045057680060044694,2.06969570808,1.0408889399999999,0.8170756600000001,2.0358185120799996,2.1708709160799997
./jammdb_test/target/release/jammdb_test write,1.7805167845800003,0.04523141408842264,1.7689205325800001,0.7489377399999999,0.82822446,1.7239043630800002,1.8464790740800001
./files/target/release/files write,22.95411554968,0.377527343636288,23.09724108808,19.189235439999997,3.5543339599999997,22.20313929108,23.31422448108
python numpy_test/test.py write,5.21926279458,0.21403062938043585,5.222662292080001,3.03982974,2.0725178599999996,4.95990611008,5.5500251050800005
