command,mean,stddev,median,user,system,min,max
./nativedb_test/target/release/nativedb_test update,0.016739783462958575,0.0006032210674875037,0.016671341960000002,0.0032042963313609475,0.004623513017751478,0.016015064960000002,0.020874251960000003
./jammdb_test/target/release/jammdb_test update,0.01894825870482758,0.0005546215985203684,0.018938325960000002,0.003946030068965518,0.007783564827586209,0.017989497960000003,0.023065842960000003
./files/target/release/files update,0.64341949396,0.01969829638694018,0.64376073996,0.6243192599999998,0.017071499999999996,0.62303867696,0.66323798996
python numpy_test/test.py update,0.09683870206000005,0.001295114233165563,0.09649942146000001,0.08017295999999999,0.015946933333333337,0.09489162796000002,0.10083104396
