command,mean,stddev,median,user,system,min,max
./nativedb_test/target/release/nativedb_test write,0.24304582048666665,0.0035411748980467474,0.24220760482000003,0.1525567366666667,0.05437897999999999,0.23956323882000002,0.25363249082
./jammdb_hash/target/release/jammdb_hash write,0.36843413721999996,0.006032856454856473,0.36902859232000007,0.14454842,0.16243338,0.36053637682,0.37658099982000004
./files_hash/target/release/files_hash write,3.5376263119199995,0.0971351995089803,3.4903025363199998,2.9002588200000003,0.60170228,3.4344495138199997,3.67445093082
python numpy_test/test.py write,0.85615428922,0.03398915554731605,0.8582941528200001,0.48162491999999996,0.35569758,0.80217938282,0.9044253538200001
