command,mean,stddev,median,user,system,min,max
./nativedb_test/target/release/nativedb_test read,0.009371112487611943,0.0003182403819561437,0.009342776760000001,0.00116195208955224,0.0016725196268656721,0.00887242126,0.012904659260000001
./jammdb_test/target/release/jammdb_test read,0.05373558998727274,0.0019522058725182532,0.05405768926000001,0.010787803636363632,0.04245014363636364,0.05117138526000001,0.06505724326
./jammdb_postcard/target/release/jammdb_postcard read,0.05147025192101694,0.0013991413410185285,0.05170466926,0.008074089491525424,0.043150783389830506,0.04761516526,0.05441065626
