command,mean,stddev,median,user,system,min,max
./nativedb_test/target/release/nativedb_test write,2.04814209254,0.040352414838753264,2.02530789444,1.05472776,0.76978706,2.00221161294,2.11344191494
./jammdb_test/target/release/jammdb_test write,1.9621438775400002,0.1998444757682032,1.86932922844,0.75576866,0.8408482599999999,1.7857661709400001,2.30647089794
./rkyv_test/target/release/rkyv_test write,1.6839823002399998,0.12907462960766927,1.66609394994,0.6270803600000001,0.7504193600000001,1.53583942694,1.8816646929399998
