command,mean,stddev,median,user,system,min,max
./nativedb_test/target/release/nativedb_test write,2.1948401808400004,0.09563706064482447,2.1893561528400003,1.0824737199999999,0.8927547199999999,2.07231928334,2.31821604534
./jammdb_test/target/release/jammdb_test write,1.8145994563399999,0.032596225064959676,1.80356459884,0.7594339199999999,0.81375292,1.77869459434,1.8742017673400002
./jammdb_postcard/target/release/jammdb_postcard write,1.5935218774400002,0.03843414196336541,1.6091637198400002,0.70113832,0.68245112,1.54483266534,1.63360753634
