min,mean,max,param
4.2256e-5,7.16112084e-5,0.02339271,100
0.000162701,0.0002819850636,0.030480403,200
0.000512392,0.0008400197426890756,0.037037848,300
0.000985328,0.0018214714398688049,0.026110838,400
0.001870904,0.002868598944348824,0.031082723,500
0.002844783,0.004317540112931034,0.035270608,600
0.004572548,0.008159768980424144,0.043269405,700
0.007281396,0.011167210737193763,0.05466958,800
0.009120928,0.014968270449101796,0.05075568,900
0.011897497,0.020557638032786884,0.063194852,1000
