min,mean,max,param
4.321e-5,6.06926266e-5,0.001277841,100
0.000163432,0.0002752794951,0.013322589,200
0.000449863,0.0007061616119276427,0.01400885,300
0.000964467,0.0016541313833939794,0.033047253,400
0.002100332,0.0027211522172019597,0.034184468,500
0.002858782,0.0041125047393092105,0.03405274,600
0.004541816,0.007497930295352324,0.043062128,700
0.006453897,0.010405240091476092,0.040863142,800
0.010139044,0.015346312513761468,0.061438889,900
0.012021392,0.02177038787826087,0.064515963,1000
