min,mean,max,param
4.1294e-5,5.97633739e-5,0.004516316,100
0.00016961,0.0002455718806,0.022164345,200
0.000441546,0.0006987662359676068,0.026615263,300
0.000912486,0.0013968032990497486,0.061434039,400
0.001822375,0.0027218974463799673,0.025795619,500
0.003062807,0.004724205743153918,0.047670121,600
0.005363783,0.008759853896672503,0.058969337,700
0.007575936,0.011541757199999999,0.074085865,800
0.011417877,0.01651157007590759,0.063561671,900
0.013698967,0.018569766303703703,0.079284026,1000
